{
  "gizmos-infos": {
    "is2D": true,
    "is3DIcon": false,
    "iconSize": 2,
    "gridVisible": true,
    "gridColor": [
      166,
      166,
      166,
      255
    ],
    "transformToolName": "position",
    "pivot": "pivot",
    "coordinate": "local",
    "toolsVisibility3d": true
  },
  "__version__": "1.0.0",
  "builder": {},
  "snap-configs": {
    "position": {
      "x": 1,
      "y": 1,
      "z": 1
    },
    "rotation": 1,
    "scale": 1,
    "isPositionSnapEnabled": false,
    "isRotationSnapEnabled": false,
    "isScaleSnapEnabled": false
  },
  "rect-snap-configs": {
    "enableSnapping": true,
    "snapThreshold": 4
  },
  "camera-infos": {
    "2b2346a3-7d6b-45b1-b36c-9abe6f4d0ea3": {
      "position": {
        "x": 640,
        "y": 360.0000000000001,
        "z": 5000
      },
      "rotation": {
        "x": 0,
        "y": 0,
        "z": 0,
        "w": 1
      },
      "viewCenter": {
        "x": 0,
        "y": 0,
        "z": 0
      },
      "contentRect": {
        "x": 0,
        "y": -84.59016393442613,
        "width": 1366.4,
        "height": 768.6000000000001
      },
      "scale": 1.0675000000000001
    },
    "b64fa16b-678d-4de6-a33c-62e5ffa9e6a0": {
      "position": {
        "x": 640,
        "y": 360.0000000000001,
        "z": 5000
      },
      "rotation": {
        "x": 0,
        "y": 0,
        "z": 0,
        "w": 1
      },
      "viewCenter": {
        "x": 0,
        "y": 0,
        "z": 0
      },
      "contentRect": {
        "x": 0,
        "y": -84.59016393442613,
        "width": 1366.4,
        "height": 768.6000000000001
      },
      "scale": 1.0675000000000001
    },
    "2600067d-14aa-4742-9049-6a21a75c881a": {
      "position": {
        "x": 640,
        "y": 360.0000000000001,
        "z": 5000
      },
      "rotation": {
        "x": 0,
        "y": 0,
        "z": 0,
        "w": 1
      },
      "viewCenter": {
        "x": 0,
        "y": 0,
        "z": 0
      },
      "contentRect": {
        "x": 0,
        "y": -84.59016393442613,
        "width": 1366.4,
        "height": 768.6000000000001
      },
      "scale": 1.0675000000000001
    },
    "587219b1-d3cd-4164-b350-05dd3b26abd5": {
      "position": {
        "x": 359.41333333333336,
        "y": 640.5866666666667,
        "z": 5000
      },
      "rotation": {
        "x": 0,
        "y": 0,
        "z": 0,
        "w": 1
      },
      "viewCenter": {
        "x": 0,
        "y": 0,
        "z": 0
      },
      "contentRect": {
        "x": 0,
        "y": 0,
        "width": 504,
        "height": 896
      },
      "scale": 0.7
    },
    "4e8c118b-9a18-4337-8617-cf8de3d77eee": {
      "position": {
        "x": 365,
        "y": 640,
        "z": 5000
      },
      "rotation": {
        "x": 0,
        "y": 0,
        "z": 0,
        "w": 1
      },
      "viewCenter": {
        "x": 0,
        "y": 0,
        "z": 0
      },
      "contentRect": {
        "x": 0,
        "y": 0,
        "width": 541.340625,
        "height": 949.2
      },
      "scale": 0.7415625
    }
  },
  "camera-uuids": [
    "2b2346a3-7d6b-45b1-b36c-9abe6f4d0ea3",
    "b64fa16b-678d-4de6-a33c-62e5ffa9e6a0",
    "2600067d-14aa-4742-9049-6a21a75c881a",
    "587219b1-d3cd-4164-b350-05dd3b26abd5",
    "4e8c118b-9a18-4337-8617-cf8de3d77eee"
  ],
  "camera": {
    "color": [
      48,
      48,
      48,
      255
    ],
    "fov": 45,
    "far": 10000,
    "near": 0.01,
    "wheelSpeed": 0.01,
    "wanderSpeed": 10,
    "enableAcceleration": true,
    "size": "__default_design__",
    "far2D": 10000,
    "near2D": 1,
    "wheelSpeed2D": 6,
    "iso": 0,
    "aperture": 19,
    "shutter": 7
  },
  "scene_view": {
    "isSceneLightOn": true,
    "output_device": "__default_design__"
  },
  "float-window": {
    "position": {
      "cc": {
        "Camera": {
          "dock": false,
          "top": null,
          "bottom": 10,
          "left": null,
          "right": 10
        }
      }
    }
  }
}
