{
  "gizmos-infos": {
    "is2D": true,
    "is3DIcon": false,
    "iconSize": 2,
    "gridVisible": true,
    "gridColor": [
      166,
      166,
      166,
      255
    ],
    "transformToolName": "position",
    "pivot": "pivot",
    "coordinate": "local",
    "toolsVisibility3d": true
  },
  "__version__": "1.0.0",
  "builder": {},
  "snap-configs": {
    "position": {
      "x": 1,
      "y": 1,
      "z": 1
    },
    "rotation": 1,
    "scale": 1,
    "isPositionSnapEnabled": false,
    "isRotationSnapEnabled": false,
    "isScaleSnapEnabled": false
  },
  "rect-snap-configs": {
    "enableSnapping": true,
    "snapThreshold": 4
  },
  "camera-infos": {
    "2b2346a3-7d6b-45b1-b36c-9abe6f4d0ea3": {
      "position": {
        "x": 640,
        "y": 360.0000000000001,
        "z": 5000
      },
      "rotation": {
        "x": 0,
        "y": 0,
        "z": 0,
        "w": 1
      },
      "viewCenter": {
        "x": 0,
        "y": 0,
        "z": 0
      },
      "contentRect": {
        "x": 0,
        "y": -84.59016393442613,
        "width": 1366.4,
        "height": 768.6000000000001
      },
      "scale": 1.0675000000000001
    },
    "b64fa16b-678d-4de6-a33c-62e5ffa9e6a0": {
      "position": {
        "x": 640,
        "y": 360.0000000000001,
        "z": 5000
      },
      "rotation": {
        "x": 0,
        "y": 0,
        "z": 0,
        "w": 1
      },
      "viewCenter": {
        "x": 0,
        "y": 0,
        "z": 0
      },
      "contentRect": {
        "x": 0,
        "y": -84.59016393442613,
        "width": 1366.4,
        "height": 768.6000000000001
      },
      "scale": 1.0675000000000001
    },
    "2600067d-14aa-4742-9049-6a21a75c881a": {
      "position": {
        "x": 640,
        "y": 360.0000000000001,
        "z": 5000
      },
      "rotation": {
        "x": 0,
        "y": 0,
        "z": 0,
        "w": 1
      },
      "viewCenter": {
        "x": 0,
        "y": 0,
        "z": 0
      },
      "contentRect": {
        "x": 0,
        "y": -84.59016393442613,
        "width": 1366.4,
        "height": 768.6000000000001
      },
      "scale": 1.0675000000000001
    },
    "cbb0957e-0a70-45f9-945d-40b177a8bb2f": {
      "position": {
        "x": 360,
        "y": 640,
        "z": 5000
      },
      "rotation": {
        "x": 0,
        "y": 0,
        "z": 0,
        "w": 1
      },
      "viewCenter": {
        "x": 0,
        "y": 0,
        "z": 0
      },
      "contentRect": {
        "x": -561.2979351032449,
        "y": 0,
        "width": 533.925,
        "height": 949.2
      },
      "scale": 0.7415625
    },
    "fe4e262f-b9dc-470c-aa80-36414bc8ef59": {
      "position": {
        "x": 360,
        "y": 640,
        "z": 5000
      },
      "rotation": {
        "x": 0,
        "y": 0,
        "z": 0,
        "w": 1
      },
      "viewCenter": {
        "x": 0,
        "y": 0,
        "z": 0
      },
      "contentRect": {
        "x": -561.2979351032449,
        "y": 0,
        "width": 533.925,
        "height": 949.2
      },
      "scale": 0.7415625
    },
    "64d9f60c-0df2-4724-88a6-35acf9a79a62": {
      "position": {
        "x": 360,
        "y": 640,
        "z": 5000
      },
      "rotation": {
        "x": 0,
        "y": 0,
        "z": 0,
        "w": 1
      },
      "viewCenter": {
        "x": 0,
        "y": 0,
        "z": 0
      },
      "contentRect": {
        "x": -561.2979351032449,
        "y": 0,
        "width": 533.925,
        "height": 949.2
      },
      "scale": 0.7415625
    },
    "bf46c72b-d023-431c-b3e8-5420098a24c2": {
      "position": {
        "x": 360,
        "y": 640,
        "z": 5000
      },
      "rotation": {
        "x": 0,
        "y": 0,
        "z": 0,
        "w": 1
      },
      "viewCenter": {
        "x": 0,
        "y": 0,
        "z": 0
      },
      "contentRect": {
        "x": -561.2979351032449,
        "y": 0,
        "width": 533.925,
        "height": 949.2
      },
      "scale": 0.7415625
    },
    "f2cd1902-c59f-4c27-b9d6-3964ae008c24": {
      "position": {
        "x": 360,
        "y": 640,
        "z": 5000
      },
      "rotation": {
        "x": 0,
        "y": 0,
        "z": 0,
        "w": 1
      },
      "viewCenter": {
        "x": 0,
        "y": 0,
        "z": 0
      },
      "contentRect": {
        "x": -561.2979351032449,
        "y": 0,
        "width": 533.925,
        "height": 949.2
      },
      "scale": 0.7415625
    },
    "c052786d-56c1-4198-a152-d207cfa917e3": {
      "position": {
        "x": 360,
        "y": 640,
        "z": 5000
      },
      "rotation": {
        "x": 0,
        "y": 0,
        "z": 0,
        "w": 1
      },
      "viewCenter": {
        "x": 0,
        "y": 0,
        "z": 0
      },
      "contentRect": {
        "x": -516.0729312762974,
        "y": 0,
        "width": 561.4875,
        "height": 998.2
      },
      "scale": 0.7798437500000001
    },
    "9428c9dc-75f1-4377-b573-9baa6cd66285": {
      "position": {
        "x": 681.5036294305085,
        "y": 806.2426538519364,
        "z": 5000
      },
      "rotation": {
        "x": 0,
        "y": 0,
        "z": 0,
        "w": 1
      },
      "viewCenter": {
        "x": 0,
        "y": 0,
        "z": 0
      },
      "contentRect": {
        "x": 630.3792319658925,
        "y": -176.91883585221626,
        "width": 53.58497723823976,
        "height": 949.2
      },
      "scale": 0.5076480366925136
    },
    "5cf33fbd-fca4-43a2-b6e2-a03ff1e2e049": {
      "position": {
        "x": 360,
        "y": 640,
        "z": 5000
      },
      "rotation": {
        "x": 0,
        "y": 0,
        "z": 0,
        "w": 1
      },
      "viewCenter": {
        "x": 0,
        "y": 0,
        "z": 0
      },
      "contentRect": {
        "x": -516.0729312762974,
        "y": 0,
        "width": 561.4875,
        "height": 998.2
      },
      "scale": 0.7798437500000001
    },
    "cae340fb-321c-4be7-934c-71885f25f5a5": {
      "position": {
        "x": 360,
        "y": 640,
        "z": 5000
      },
      "rotation": {
        "x": 0,
        "y": 0,
        "z": 0,
        "w": 1
      },
      "viewCenter": {
        "x": 0,
        "y": 0,
        "z": 0
      },
      "contentRect": {
        "x": -516.0729312762974,
        "y": 0,
        "width": 561.4875,
        "height": 998.2
      },
      "scale": 0.7798437500000001
    },
    "9dec5207-5bce-490f-b54e-22cf550e4e69": {
      "position": {
        "x": 360,
        "y": 639.9999999999999,
        "z": 5000
      },
      "rotation": {
        "x": 0,
        "y": 0,
        "z": 0,
        "w": 1
      },
      "viewCenter": {
        "x": 0,
        "y": 0,
        "z": 0
      },
      "contentRect": {
        "x": -502.7848101265822,
        "y": 0,
        "width": 497.7,
        "height": 884.8
      },
      "scale": 0.69125
    },
    "ac4b1b56-d8a7-40a8-8063-238134e52625": {
      "position": {
        "x": 360,
        "y": 640,
        "z": 5000
      },
      "rotation": {
        "x": 0,
        "y": 0,
        "z": 0,
        "w": 1
      },
      "viewCenter": {
        "x": 0,
        "y": 0,
        "z": 0
      },
      "contentRect": {
        "x": -521.6326530612242,
        "y": 7.575965862331762e-14,
        "width": 540.2250000000001,
        "height": 960.4000000000001
      },
      "scale": 0.7503125000000002
    },
    "68627312-5c8d-49af-89a9-6f70506d16d1": {
      "position": {
        "x": 360,
        "y": 640,
        "z": 5000
      },
      "rotation": {
        "x": 0,
        "y": 0,
        "z": 0,
        "w": 1
      },
      "viewCenter": {
        "x": 0,
        "y": 0,
        "z": 0
      },
      "contentRect": {
        "x": -521.6326530612242,
        "y": 7.575965862331762e-14,
        "width": 540.2250000000001,
        "height": 960.4000000000001
      },
      "scale": 0.7503125000000002
    },
    "32b2ed5c-9516-4902-bb68-d01b1f0e7dd4": {
      "position": {
        "x": 360,