{
  "gizmos-infos": {
    "is2D": true,
    "is3DIcon": false,
    "iconSize": 2,
    "gridVisible": true,
    "gridColor": [
      166,
      166,
      166,
      255
    ],
    "transformToolName": "position",
    "pivot": "pivot",
    "coordinate": "local",
    "toolsVisibility3d": true
  },
  "__version__": "1.0.0",
  "builder": {},
  "snap-configs": {
    "position": {
      "x": 1,
      "y": 1,
      "z": 1
    },
    "rotation": 1,
    "scale": 1,
    "isPositionSnapEnabled": false,
    "isRotationSnapEnabled": false,
    "isScaleSnapEnabled": false
  },
  "rect-snap-configs": {
    "enableSnapping": true,
    "snapThreshold": 4
  },
  "camera-infos": {
    "2b2346a3-7d6b-45b1-b36c-9abe6f4d0ea3": {
      "position": {
        "x": 640,
        "y": 360.0000000000001,
        "z": 5000
      },
      "rotation": {
        "x": 0,
        "y": 0,
        "z": 0,
        "w": 1
      },
      "viewCenter": {
        "x": 0,
        "y": 0,
        "z": 0
      },
      "contentRect": {
        "x": 0,
        "y": -84.59016393442613,
        "width": 1366.4,
        "height": 768.6000000000001
      },
      "scale": 1.0675000000000001
    },
    "b64fa16b-678d-4de6-a33c-62e5ffa9e6a0": {
      "position": {
        "x": 640,
        "y": 360.0000000000001,
        "z": 5000
      },
      "rotation": {
        "x": 0,
        "y": 0,
        "z": 0,
        "w": 1
      },
      "viewCenter": {
        "x": 0,
        "y": 0,
        "z": 0
      },
      "contentRect": {
        "x": 0,
        "y": -84.59016393442613,
        "width": 1366.4,
        "height": 768.6000000000001
      },
      "scale": 1.0675000000000001
    },
    "2600067d-14aa-4742-9049-6a21a75c881a": {
      "position": {
        "x": 640,
        "y": 360.0000000000001,
        "z": 5000
      },
      "rotation": {
        "x": 0,
        "y": 0,
        "z": 0,
        "w": 1
      },
      "viewCenter": {
        "x": 0,
        "y": 0,
        "z": 0
      },
      "contentRect": {
        "x": 0,
        "y": -84.59016393442613,
        "width": 1366.4,
        "height": 768.6000000000001
      },
      "scale": 1.0675000000000001
    },
    "cbb0957e-0a70-45f9-945d-40b177a8bb2f": {
      "position": {
        "x": 360,
        "y": 640,
        "z": 5000
      },
      "rotation": {
        "x": 0,
        "y": 0,
        "z": 0,
        "w": 1
      },
      "viewCenter": {
        "x": 0,
        "y": 0,
        "z": 0
      },
      "contentRect": {
        "x": -561.2979351032449,
        "y": 0,
        "width": 533.925,
        "height": 949.2
      },
      "scale": 0.7415625
    },
    "fe4e262f-b9dc-470c-aa80-36414bc8ef59": {
      "position": {
        "x": 360,
        "y": 640,
        "z": 5000
      },
      "rotation": {
        "x": 0,
        "y": 0,
        "z": 0,
        "w": 1
      },
      "viewCenter": {
        "x": 0,
        "y": 0,
        "z": 0
      },
      "contentRect": {
        "x": -561.2979351032449,
        "y": 0,
        "width": 533.925,
        "height": 949.2
      },
      "scale": 0.7415625
    },
    "64d9f60c-0df2-4724-88a6-35acf9a79a62": {
      "position": {
        "x": 360,
        "y": 640,
        "z": 5000
      },
      "rotation": {
        "x": 0,
        "y": 0,
        "z": 0,
        "w": 1
      },
      "viewCenter": {
        "x": 0,
        "y": 0,
        "z": 0
      },
      "contentRect": {
        "x": -561.2979351032449,
        "y": 0,
        "width": 533.925,
        "height": 949.2
      },
      "scale": 0.7415625
    },
    "bf46c72b-d023-431c-b3e8-5420098a24c2": {
      "position": {
        "x": 360,
        "y": 640,
        "z": 5000
      },
      "rotation": {
        "x": 0,
        "y": 0,
        "z": 0,
        "w": 1
      },
      "viewCenter": {
        "x": 0,
        "y": 0,
        "z": 0
      },
      "contentRect": {
        "x": -561.2979351032449,
        "y": 0,
        "width": 533.925,
        "height": 949.2
      },
      "scale": 0.7415625
    },
    "f2cd1902-c59f-4c27-b9d6-3964ae008c24": {
      "position": {
        "x": 360,
        "y": 640,
        "z": 5000
      },
      "rotation": {
        "x": 0,
        "y": 0,
        "z": 0,
        "w": 1
      },
      "viewCenter": {
        "x": 0,
        "y": 0,
        "z": 0
      },
      "contentRect": {
        "x": -561.2979351032449,
        "y": 0,
        "width": 533.925,
        "height": 949.2
      },
      "scale": 0.7415625
    },
    "c052786d-56c1-4198-a152-d207cfa917e3": {
      "position": {
        "x": 360,
        "y": 640,
        "z": 5000
      },
      "rotation": {
        "x": 0,
        "y": 0,
        "z": 0,
        "w": 1
      },
      "viewCenter": {
        "x": 0,
        "y": 0,
        "z": 0
      },
      "contentRect": {
        "x": -516.0729312762974,
        "y": 0,
        "width": 561.4875,
        "height": 998.2
      },
      "scale": 0.7798437500000001
    },
    "9428c9dc-75f1-4377-b573-9baa6cd66285": {
      "position": {
        "x": 681.5036294305085,
        "y": 806.2426538519364,
        "z": 5000
      },
      "rotation": {
        "x": 0,
        "y": 0,
        "z": 0,
        "w": 1
      },
      "viewCenter": {
        "x": 0,
        "y": 0,
        "z": 0
      },
      "contentRect": {
        "x": 630.3792319658925,
        "y": -176.91883585221626,
        "width": 53.58497723823976,
        "height": 949.2
      },
      "scale": 0.5076480366925136
    },
    "5cf33fbd-fca4-43a2-b6e2-a03ff1e2e049": {
      "position": {
        "x": 360,
        "y": 640,
        "z": 5000
      },
      "rotation": {
        "x": 0,
        "y": 0,
        "z": 0,
        "w": 1
      },
      "viewCenter": {
        "x": 0,
        "y": 0,
        "z": 0
      },
      "contentRect": {
        "x": -516.0729312762974,
        "y": 0,
        "width": 561.4875,
        "height": 998.2
      },
      "scale": 0.7798437500000001
    },
    "cbccdaf1-8b59-4616-99d4-74a758ff2aca": {
      "position": {
        "x": 994.0433333333333,
        "y": 840.9566666666667,
        "z": 5000
      },
      "rotation": {
        "x": 0,
        "y": 0,
        "z": 0,
        "w": 1
      },
      "viewCenter": {
        "x": 0,
        "y": 0,
        "z": 0
      },
      "contentRect": {
        "x": 937.5000000000001,
        "y": 0,
        "width": 2100,
        "height": 1400
      },
      "scale": 0.7
    },
    "4e8c118b-9a18-4337-8617-cf8de3d77eee": {
      "position": {
        "x": 493.3442944635534,
        "y": 559.6957045529762,
        "z": 5000
      },
      "rotation": {
        "x": 0,
        "y": 0,
        "z": 0,
        "w": 1
      },
      "viewCenter": {
        "x": 0,
        "y": 0,
        "z": 0
      },
      "contentRect": {
        "x": 472.6890000610546,
        "y": 162.47850450492447,
        "width": 51.906400000000005,
        "height": 998.2
      },
      "scale": 1.2564914105925513
    }
  },
  "camera-uuids": [
    "2b2346a3-7d6b-45b1-b36c-9abe6f4d0ea3",
    "b64fa16b-678d-4de6-a33c-62e5ffa9e6a0",
    "2600067d-14aa-4742-9049-6a21a75c881a",
    "cbb0957e-0a70-45f9-945d-40b177a8bb2f",
    "fe4e262f-b9dc-470c-aa80-36414bc8ef59",
    "64d9f60c-0df2-4724-88a6-35acf9a79a62",
    "bf46c72b-d023-431c-b3e8-5420098a24c2",
    "f2cd1902-c59f-4c27-b9d6-3964ae008c24",
    "c052786d-56c1-4198-a152-d207cfa917e3",
    "9428c9dc-75f1-4377-b573-9baa6cd66285",
    "5cf33fbd-fca4-43a2-b6e2-a03ff1e2e049",
    "cbccdaf1-8b59-4616-99d4-74a758ff2aca",
    "4e8c118b-9a18-4337-8617-cf8de3d77eee"
  ],
  "camera": {
    "color": [
      48,
      48,
      48,
      255
    ],
    "fov": 45,
    "far": 10000,
    "near": 0.01,
    "wheelSpeed": 0.01,
    "wanderSpeed": 10,
    "enableAcceleration": true,
    "size": "__default_design__",
    "far2D": 10000,
    "near2D": 1,
    "wheelSpeed2D": 6,
    "iso": 0,
    "aperture": 19,
    "shutter": 7
  },
  "scene_view": {
    "isSceneLightOn": true,
    "output_device": "__default_design__"
  },